-- phpMyAdmin SQL Dump
-- version 3.5.1
-- http://www.phpmyadmin.net
--
-- Хост: 127.0.0.1
-- Время создания: Сен 18 2022 г., 23:04
-- Версия сервера: 5.5.25
-- Версия PHP: 5.3.13

SET SQL_MODE="NO_AUTO_VALUE_ON_ZERO";
SET time_zone = "+00:00";


/*!40101 SET @OLD_CHARACTER_SET_CLIENT=@@CHARACTER_SET_CLIENT */;
/*!40101 SET @OLD_CHARACTER_SET_RESULTS=@@CHARACTER_SET_RESULTS */;
/*!40101 SET @OLD_COLLATION_CONNECTION=@@COLLATION_CONNECTION */;
/*!40101 SET NAMES utf8 */;

--
-- База данных: `vegetablesfruit`
--

-- --------------------------------------------------------

--
-- Структура таблицы `category`
--

CREATE TABLE IF NOT EXISTS `category` (
  `CategId` int(3) NOT NULL DEFAULT '0',
  `CategName` char(30) NOT NULL,
  PRIMARY KEY (`CategId`)
) ENGINE=InnoDB DEFAULT CHARSET=utf8;

--
-- Дамп данных таблицы `category`
--

INSERT INTO `category` (`CategId`, `CategName`) VALUES
(1, 'Овощи'),
(2, 'Фрукты');

-- --------------------------------------------------------

--
-- Структура таблицы `product_deliveries`
--

CREATE TABLE IF NOT EXISTS `product_deliveries` (
  `CategId` int(3) NOT NULL DEFAULT '0',
  `SubCategId` int(3) NOT NULL DEFAULT '0',
  `ProductId` int(3) NOT NULL DEFAULT '0',
  `Price` decimal(6,2) NOT NULL DEFAULT '0.00',
  `Quantity` int(5) NOT NULL DEFAULT '0',
  `DeliveryDate` date NOT NULL,
  KEY `CategId` (`CategId`,`SubCategId`,`ProductId`,`DeliveryDate`)
) ENGINE=InnoDB DEFAULT CHARSET=utf8;

--
-- Дамп данных таблицы `product_deliveries`
--

INSERT INTO `product_deliveries` (`CategId`, `SubCategId`, `ProductId`, `Price`, `Quantity`, `DeliveryDate`) VALUES
(1, 1, 1, '70.00', 1000, '2021-09-05'),
(1, 1, 1, '70.00', 2000, '2021-09-15'),
(1, 1, 1, '75.00', 1000, '2021-10-05'),
(1, 1, 1, '75.00', 780, '2021-10-15'),
(1, 1, 3, '200.00', 100, '2021-09-10'),
(1, 1, 3, '200.00', 200, '2021-09-20'),
(1, 1, 3, '100.00', 100, '2021-10-10'),
(1, 1, 3, '122.00', 100, '2021-10-20'),
(1, 2, 1, '80.00', 1100, '2021-09-05'),
(1, 2, 1, '80.00', 1200, '2021-09-15'),
(1, 2, 1, '90.00', 1300, '2021-10-05'),
(1, 2, 1, '90.00', 1400, '2021-10-25'),
(1, 2, 2, '75.00', 1300, '2021-10-10'),
(1, 2, 2, '85.00', 1400, '2021-11-05'),
(1, 2, 3, '105.00', 200, '2021-08-05'),
(1, 2, 3, '105.00', 300, '2021-08-20'),
(1, 2, 3, '110.00', 150, '2021-09-03'),
(1, 2, 3, '110.00', 120, '2021-09-13'),
(2, 1, 1, '250.00', 1000, '2021-08-10'),
(2, 1, 1, '300.00', 1100, '2021-08-15'),
(2, 1, 1, '300.00', 850, '2021-08-20'),
(2, 1, 1, '320.00', 800, '2021-08-23'),
(2, 1, 3, '90.00', 1100, '2021-09-20'),
(2, 1, 3, '95.00', 1200, '2021-09-26'),
(2, 1, 3, '95.00', 880, '2021-10-11'),
(2, 1, 3, '95.00', 660, '2021-10-18'),
(2, 1, 3, '100.00', 620, '2021-11-10'),
(2, 1, 3, '100.00', 710, '2021-11-18'),
(2, 1, 4, '80.00', 1400, '2021-08-05'),
(2, 1, 4, '80.00', 1500, '2021-08-15'),
(2, 1, 4, '70.00', 1050, '2021-09-02'),
(2, 1, 4, '70.00', 1090, '2021-09-15'),
(2, 2, 1, '210.00', 750, '2021-09-05'),
(2, 2, 1, '210.00', 600, '2021-09-15'),
(2, 2, 1, '230.00', 570, '2021-10-03'),
(2, 2, 1, '230.00', 430, '2021-10-22'),
(2, 4, 1, '70.00', 920, '2021-10-10'),
(2, 4, 1, '75.00', 640, '2021-10-24'),
(2, 4, 1, '80.00', 410, '2021-11-10'),
(2, 4, 1, '80.00', 320, '2021-11-21'),
(2, 4, 4, '180.00', 280, '2021-11-10'),
(2, 4, 4, '190.00', 225, '2021-11-15'),
(2, 4, 4, '205.00', 185, '2021-12-10'),
(2, 4, 4, '215.00', 195, '2021-12-20'),
(2, 3, 1, '420.00', 230, '2022-01-06'),
(2, 3, 2, '650.00', 310, '2022-01-09'),
(2, 3, 1, '460.00', 120, '2022-02-10'),
(2, 3, 2, '670.00', 270, '2022-02-14'),
(1, 1, 1, '80.00', 720, '2022-01-16'),
(1, 1, 1, '82.00', 490, '2022-01-19'),
(2, 1, 3, '100.00', 5987, '2021-11-18'),
(1, 1, 3, '135.00', 210, '2022-01-23'),
(1, 1, 3, '135.00', 320, '2022-01-30'),
(1, 2, 2, '85.00', 230, '2022-01-25'),
(1, 2, 2, '75.00', 340, '2022-01-28');

-- --------------------------------------------------------

--
-- Структура таблицы `product_names`
--

CREATE TABLE IF NOT EXISTS `product_names` (
  `CategId` int(3) NOT NULL DEFAULT '0',
  `SubCategId` int(3) NOT NULL DEFAULT '0',
  `ProductId` int(3) NOT NULL DEFAULT '0',
  `ProductName` char(30) NOT NULL,
  PRIMARY KEY (`CategId`,`SubCategId`,`ProductId`)
) ENGINE=InnoDB DEFAULT CHARSET=utf8;

--
-- Дамп данных таблицы `product_names`
--

INSERT INTO `product_names` (`CategId`, `SubCategId`, `ProductId`, `ProductName`) VALUES
(1, 1, 1, 'Картофель'),
(1, 1, 2, 'Топинамбур'),
(1, 1, 3, 'Батат'),
(1, 1, 4, 'Китайский артишок'),
(1, 2, 1, 'Свекла'),
(1, 2, 2, 'Морковь'),
(1, 2, 3, 'Редис'),
(1, 2, 4, 'Редька'),
(2, 1, 1, 'Абрикос'),
(2, 1, 2, 'Айва'),
(2, 1, 3, 'Апельсины'),
(2, 1, 4, 'Арбуз'),
(2, 2, 1, 'Виноград (красный, зеленый)'),
(2, 2, 2, 'Виноград (мускатный)'),
(2, 2, 3, 'Вишня'),
(2, 2, 4, 'Клубника'),
(2, 3, 1, 'Авокадо'),
(2, 3, 2, 'Ананас'),
(2, 3, 3, 'Антильский абрикос'),
(2, 3, 4, 'Барбадосская вишня'),
(2, 4, 1, 'Бананы'),
(2, 4, 2, 'Изюм'),
(2, 4, 3, 'Курага'),
(2, 4, 4, 'Финики');

-- --------------------------------------------------------

--
-- Структура таблицы `subcategory`
--

CREATE TABLE IF NOT EXISTS `subcategory` (
  `CategId` int(3) NOT NULL DEFAULT '0',
  `SubCategId` int(3) NOT NULL DEFAULT '0',
  `SubCategName` char(30) NOT NULL,
  PRIMARY KEY (`CategId`,`SubCategId`)
) ENGINE=InnoDB DEFAULT CHARSET=utf8;

--
-- Дамп данных таблицы `subcategory`
--

INSERT INTO `subcategory` (`CategId`, `SubCategId`, `SubCategName`) VALUES
(1, 1, 'Клубнеплоды'),
(1, 2, 'Корнеплоды'),
(1, 3, 'Корневищные'),
(1, 4, 'Капустные'),
(1, 5, 'Листовые'),
(1, 6, 'Пряные'),
(1, 7, 'Луковичные'),
(1, 8, 'Томатные'),
(1, 9, 'Тыквенные'),
(1, 10, 'Бобовые'),
(1, 11, 'Злаковые'),
(1, 12, 'Десертные'),
(2, 1, 'Фрукты'),
(2, 2, 'Ягоды'),
(2, 3, 'Экзотические фрукты'),
(2, 4, 'Сухофрукты');

/*!40101 SET CHARACTER_SET_CLIENT=@OLD_CHARACTER_SET_CLIENT */;
/*!40101 SET CHARACTER_SET_RESULTS=@OLD_CHARACTER_SET_RESULTS */;
/*!40101 SET COLLATION_CONNECTION=@OLD_COLLATION_CONNECTION */;
